id_x,estudiante_id,materia,nota,fecha,id_y,nombre,rol,correo,edad,genero
0,1,matemáticas,3.5,2023-05-10,1,María**,Alumno, maria1@mail.com,22,F
1,2,lenguaaa,3.0,2023-05-10,2,@Pedro#,profesor, pedro2@mail.com,45,M
2,3,historia,5.0,2025-09-27,3,Lu^is,alumno,lu3@mail.com,21,M
3,4,ciencias,3.4105263157894736,2023-03-15,4,ANA,PROFE, ana4@mail.com,50,F
4,5,ingles,2.8,2023-11-20,5,nan,Estudiante,,19,na
5,6,ingles,4.5,2023-07-15,6,Laura,estudiante, laura6@mail.com,20,F
6,7,lenguua,1.0,2023-09-12,7,Miguél*,Profesor, miguel7@mail.com,47,M
7,8,matematicas,3.4105263157894736,2023-02-18,8,CARLOS,profe, carlos8@mail.com,52,M
8,9,ciencias,5.0,2023-04-25,9,,ESTUDIANTE, juan9@mail.com,19,na
9,10,historia,3.4105263157894736,2023-08-05,10,Luisa,estudiante, luisa10@mail.com,22,F
10,11,lengua,3.2,2025-09-27,11,Miguel,Profesor, ,44,M
11,12,matematicas,3.4105263157894736,2023-01-30,12,Ana^^,alumno, ana12@mail.com,23,F
12,13,historia,5.0,2023-06-12,13,@Laura,PROFE, laura13@mail.com,48,F
13,14,ingles,5.0,2023-11-20,14,Pedro,ESTUDIANTE, pedro14@mail.com,20,M
14,15,ciencias,2.7,2023-12-01,15,nan,alumno, pedro15@mail.com,21,na
15,16,lengua,4.0,2023-09-10,16,Juan##,profesor, juan16@mail.com,46,M
16,17,matematicas,3.0,2023-07-15,17,MIGUEL,Estudiante, miguel17@mail.com,19,M
17,18,historia,3.0,2023-03-12,18,,alumno, ,20,na
18,19,ciencias,2.9,2025-09-27,19,María,PROFE, maria19@mail.com,51,F
19,20,ingles,3.4105263157894736,2023-05-08,20,Pedro,ESTUDIANTE, pedro20@mail.com,20,M
20,21,lengua,5.0,2023-01-14,21,Luisa,Alumno, luisa21@mail.com,22,F
21,22,matemáticas,2.3,2023-06-19,22,ANA@,profesor, ana22@mail.com,43,F
22,23,ingles,1.0,2023-11-27,23,MIGUEL,PROFE, ,49,M
23,24,ciencias,3.4,2023-10-10,24,Laura**,estudiante, laura24@mail.com,21,F
24,25,historia,3.4105263157894736,2023-04-09,25,,alumno, juan25@mail.com,22,na
25,26,matematicas,5.0,2023-02-17,26,Carlos^^,Profesor, carlos26@mail.com,55,M
26,27,ingles,3.0,2023-03-12,27,Ana##,estudiante, ,20,F
27,28,lengua,3.4105263157894736,2023-08-30,28,PEDRO,PROFE, pedro28@mail.com,53,M
28,29,ciencias,2.0,2023-09-21,29,MARÍA,alumno, maria29@mail.com,21,F
29,30,historia,3.0,2023-07-14,30,,Estudiante, ,19,na
30,31,matemáticas,4.0,2025-09-27,31,Luisa@@,PROFE, luisa31@mail.com,47,F
31,32,lenguua,5.0,2023-06-11,32,Miguel**,Alumno, ,22,M
32,33,ingles,3.5,2023-11-18,33,,Profesor, juan33@mail.com,50,na
33,34,historia,2.8,2023-12-01,34,Laura,estudiante, ,20,F
34,35,ciencias,1.0,2023-05-22,35,Juan@@,alumno, juan35@mail.com,23,M
35,36,matematicas,3.4105263157894736,2023-02-09,36,Carlos,PROFE, carlos36@mail.com,54,M
36,37,lengua,3.4105263157894736,2025-09-27,37,Ana**,estudiante, ana37@mail.com,22,F
37,38,ingles,3.0,2023-07-01,38,PEDRO,Profesor, pedro38@mail.com,46,M
38,39,historia,3.0,2023-10-19,39,,Alumno, ,21,na
39,40,lenguaaa,3.4105263157894736,2023-09-04,40,MIGUEL,estudiante, miguel40@mail.com,19,M
40,41,matematicas,5.0,2023-04-11,41,Luisa,PROFE, ,48,F
41,42,ciencias,3.4105263157894736,2023-03-08,42,Laura,alumno, laura42@mail.com,22,F
42,43,ingles,2.0,2023-11-23,43,Juan##,Estudiante, juan43@mail.com,20,M
43,44,historia,3.4105263157894736,2023-05-17,44,,PROFE, ,49,na
44,45,lengua,3.4105263157894736,2025-09-27,45,Ana,Alumno, ana45@mail.com,21,F
45,46,ciencias,3.4105263157894736,2023-06-30,46,PEDRO**,Profesor, ,56,M
46,47,lenguua,3.0,2023-01-20,47,MIGUEL,Estudiante, ,20,M
47,48,matematicas,3.4105263157894736,2023-02-15,48,Laura##,alumno, laura48@mail.com,22,F
48,49,ciencias,3.4105263157894736,2023-09-27,49,,PROFE, ,51,na
49,50,historia,3.4105263157894736,2023-10-06,50,Carlos,Alumno, carlos50@mail.com,23,M
50,51,ingles,5.0,2023-08-14,51,ANA@@,profesor, ,44,F
51,52,matematicas,3.4105263157894736,2023-03-19,52,Juan,PROFE, juan52@mail.com,55,M
52,53,lengua,3.4105263157894736,2025-09-27,53,Luisa**,estudiante, ,21,F
53,54,ciencias,4.0,2023-12-09,54,PEDRO,Alumno, pedro54@mail.com,22,M
54,55,lengua,3.4105263157894736,2023-04-02,55,MIGUEL##,Profesor, ,53,M
55,56,historia,3.0,2023-11-28,56,,Estudiante, ,19,na
56,57,matematicas,3.4105263157894736,2023-02-23,57,Laura@@,Alumno, ,20,F
57,58,ingles,2.0,2023-07-12,58,Juan**,profesor, juan58@mail.com,47,M
58,59,matemáticas,3.4105263157894736,2023-06-08,59,ANA,PROFE, ,52,F
59,60,lenguaaa,3.4105263157894736,2023-10-25,60,,Alumno, ,21,na
60,61,historia,3.4105263157894736,2025-09-27,61,PEDRO,Estudiante, ,20,M
61,62,lenguua,3.4105263157894736,2023-08-30,62,MIGUEL,Profesor, ,48,M
62,63,ciencias,5.0,2023-01-18,63,Laura,Alumno, ,23,F
63,64,historia,3.4105263157894736,2023-02-05,64,Carlos**,Estudiante, ,20,M
64,65,lengua,3.4105263157894736,2023-03-27,65,Ana##,Profesor, ,45,F
65,66,ingles,3.4105263157894736,2023-04-21,66,Juan,Alumno, ,22,M
66,67,matematicas,3.4105263157894736,2023-05-09,67,MIGUEL,PROFE, ,50,M
67,68,lengua,3.4105263157894736,2025-09-27,68,Laura**,estudiante, ,21,F
68,69,ciencias,3.4105263157894736,2023-07-02,69,PEDRO,alumno, ,20,M
69,70,historia,3.4105263157894736,2023-09-14,70,,Profesor, ,54,na
70,71,ingles,3.4105263157894736,2023-10-31,71,Carlos,Alumno, ,23,M
71,72,matematicas,3.4105263157894736,2023-12-19,72,ANA**,Estudiante, ,19,F
72,73,lenguua,3.4105263157894736,2023-02-11,73,Luisa,PROFE, ,48,F
73,74,ciencias,3.4105263157894736,2023-03-06,74,MIGUEL,alumno, ,21,M
74,75,lenguaaa,3.4105263157894736,2023-04-17,75,Laura##,Estudiante, ,22,F
75,76,historia,3.4105263157894736,2025-09-27,76,PEDRO**,PROFE, ,53,M
76,77,lengua,3.4105263157894736,2023-05-13,77,Juan,Alumno, ,21,M
77,78,matematicas,3.4105263157894736,2023-06-28,78,,Profesor, ,49,na
78,79,ingles,3.4105263157894736,2023-07-20,79,ANA,Estudiante, ,20,F
79,80,ciencias,3.4105263157894736,2023-08-22,80,Carlos**,PROFE, ,52,M
80,81,lengua,3.4105263157894736,2023-09-30,81,MIGUEL##,Alumno, ,22,M
81,82,historia,3.4105263157894736,2023-10-04,82,Laura,Estudiante, ,21,F
82,83,lenguua,3.4105263157894736,2025-09-27,83,PEDRO,Profesor, ,47,M
83,84,ciencias,3.4105263157894736,2023-11-16,84,Luisa**,Alumno, ,23,F
84,85,matematicas,3.4105263157894736,2023-12-08,85,,Estudiante, ,20,na
85,86,ingles,3.4105263157894736,2023-01-15,86,Juan,Alumno, ,22,M
86,87,historia,3.4105263157894736,2023-02-19,87,MIGUEL,PROFE, ,51,M
87,88,lengua,3.4105263157894736,2023-03-21,88,Ana**,Estudiante, ,19,F
88,89,matemáticas,3.4105263157894736,2023-04-29,89,PEDRO##,Alumno, ,23,M
89,90,lenguaaa,3.4105263157894736,2023-05-25,90,,Profesor, ,55,na
90,91,historia,3.4105263157894736,2023-06-14,91,MIGUEL,Alumno, ,22,M
91,92,matematicas,3.4105263157894736,2023-07-30,92,Laura**,Estudiante, ,20,F
92,93,lenguua,3.4105263157894736,2025-09-27,93,Carlos,Alumno, ,23,M
93,94,ciencias,3.4105263157894736,2023-08-27,94,,Profesor, ,49,na
94,95,lengua,3.4105263157894736,2023-09-19,95,Juan**,Alumno, ,22,M
95,96,ingles,3.4105263157894736,2023-10-12,96,PEDRO,Estudiante, ,20,M
96,97,historia,3.4105263157894736,2023-11-06,97,Luisa,Alumno, ,23,F
97,98,ciencias,3.4105263157894736,2023-12-02,98,MIGUEL**,Profesor, ,52,M
98,99,lenguua,3.4105263157894736,2023-01-09,99,Laura,Alumno, ,21,F
99,100,matematicas,3.4105263157894736,2023-02-13,100,Ana**,Estudiante, ,20,F
